<?xml version="1.0" encoding="UTF-8"?>
<!DOCTYPE suite SYSTEM "http://testng.org/testng-1.0.dtd" >

<suite name="TestNg Session test Automation Suite" verbose="1">

	<test name="NGIN Screenshot Feature test">
		<classes>
			<class name="com.ngin_ss.test.Ngin_SS" />
		</classes>
	</test>
	<test name="CAM Screenshot Feature test">
		<classes>
			<class name="com.cam_ss.test.Cam_SS" />
		</classes>
	</test>
	<test name="VIVO Screenshot Feature test">
		<classes>
			<class name="com.Vivo.ss.test.Vivo_SS" />
		</classes>
	</test>


</suite>
  